{
	"class_name" : "PinholeCameraParameters",
	"extrinsic" : 
	[
		0.21185393280534406,
		-0.34538325494280703,
		0.91423646741968279,
		0.0,
		0.29931767596137587,
		-0.86758571132839213,
		-0.39711958193457131,
		0.0,
		0.93033694971875092,
		0.35777847993405054,
		-0.08042213180518544,
		0.0,
		9.3472024319919402,
		2.8514855961139549,
		97.810283487428549,
		1.0
	],
	"intrinsic" : 
	{
		"height" : 1080,
		"intrinsic_matrix" : 
		[
			935.30743608719376,
			0.0,
			0.0,
			0.0,
			935.30743608719376,
			0.0,
			959.5,
			539.5,
			1.0
		],
		"width" : 1920
	},
	"version_major" : 1,
	"version_minor" : 0
}